codigo_ies,sigla,nome_emec,organizacao_emec,categoria_emec,match_type,fetched_at
129,,,,,not_found,2026-05-13
130,,,,,not_found,2026-05-13
166,-,"FAI - CENTRO DE ENSINO SUPERIOR EM GESTÃO, TECNOLOGIA E EDUCAÇÃO",Faculdade,Privada sem fins lucrativos,code_match,2026-05-13
195,-,FACULDADE PRESBITERIANA MACKENZIE RIO,Faculdade,Privada sem fins lucrativos,code_match,2026-05-13
202,-,FACULDADE DO RIO DE JANEIRO,Faculdade,Privada com fins lucrativos,code_match,2026-05-13
225,,,,,not_found,2026-05-13
254,UNI-BAN,CENTRO UNIVERSITÁRIO UNI-BAN,Centro Universitário,Privada com fins lucrativos,code_match,2026-05-13
267,-,CENTRO UNIVERSITÁRIO ESPÍRITO-SANTENSE/FAESA,Centro Universitário,Privada sem fins lucrativos,code_match,2026-05-13
270,,,,,not_found,2026-05-13
296,-,Centro Universitário da Região da Campanha,Centro Universitário,Privada sem fins lucrativos,code_match,2026-05-13
339,,,,,not_found,2026-05-13
510,-,FACULDADE WENCESLAU BRAZ,Faculdade,Privada sem fins lucrativos,code_match,2026-05-13
526,-,CENTRO UNIVERSITÁRIO BRAZ CUBAS,Centro Universitário,Privada com fins lucrativos,code_match,2026-05-13
627,-,FACULDADE CNEC VARGINHA,Faculdade,Privada sem fins lucrativos,code_match,2026-05-13
631,-,FACULDADE CNEC FARROUPILHA,Faculdade,Privada sem fins lucrativos,code_match,2026-05-13
712,-,CENTRO UNIVERSITÁRIO IBMR,Centro Universitário,Privada com fins lucrativos,code_match,2026-05-13
715,-,FAE CENTRO UNIVERSITÁRIO,Centro Universitário,Privada sem fins lucrativos,code_match,2026-05-13
716,-,FACULDADES INTEGRADAS DE BOTUCATU,Faculdade,Privada sem fins lucrativos,code_match,2026-05-13
736,-,FACULDADE ANHANGUERA DE LINHARES,Faculdade,Privada com fins lucrativos,code_match,2026-05-13
785,,,,,not_found,2026-05-13
891,FPI,Faculdade Pitágoras de Irecê,Faculdade,Privada com fins lucrativos,name_match,2026-05-13
909,,,,,not_found,2026-05-13
918,-,CENTRO UNIVERSITÁRIO UNIVEL,Centro Universitário,Privada com fins lucrativos,code_match,2026-05-13
926,-,Centro Universitário Anhanguera Pitágoras Unopar de Campo Grande,Centro Universitário,Privada com fins lucrativos,code_match,2026-05-13
945,-,Faculdade Funorte de Januária,Faculdade,Privada com fins lucrativos,code_match,2026-05-13
997,-,Centro Universitário de Bauru,Centro Universitário,Privada sem fins lucrativos,code_match,2026-05-13
1015,,,,,not_found,2026-05-13
1070,-,FACULDADE CNEC UNAÍ,Faculdade,Privada sem fins lucrativos,code_match,2026-05-13
1077,-,Centro Universitário Estácio do Recife,Centro Universitário,Privada com fins lucrativos,code_match,2026-05-13
1078,INTEGRADO,CENTRO UNIVERSITÁRIO INTEGRADO DE CAMPO MOURÃO,Centro Universitário,Privada com fins lucrativos,code_match,2026-05-13
1088,,,,,not_found,2026-05-13
1118,,,,,not_found,2026-05-13
1122,-,FACULDADE REGES DE OSVALDO CRUZ,Faculdade,Privada sem fins lucrativos,code_match,2026-05-13
1141,-,CENTRO UNIVERSITÁRIO GAMA E SOUZA,Centro Universitário,Privada sem fins lucrativos,code_match,2026-05-13
1156,-,Faculdade CNEC Alberto Torres,Faculdade,Privada sem fins lucrativos,code_match,2026-05-13
1197,,,,,not_found,2026-05-13
1203,,,,,not_found,2026-05-13
1207,,,,,not_found,2026-05-13
1208,,,,,not_found,2026-05-13
1210,,,,,not_found,2026-05-13
1223,,,,,not_found,2026-05-13
1231,-,FACULDADE CNEC SANTO ÂNGELO,Faculdade,Privada sem fins lucrativos,code_match,2026-05-13
1233,-,"CENTRO UNIVERSITÁRIO UNIC Suspensão de autonomia para EAD: em descredenciamento voluntário na modalidade EAD, conforme processo SEI nº 23000.042036/2023-61.",Centro Universitário,Privada com fins lucrativos,code_match,2026-05-13
1238,,,,,not_found,2026-05-13
1258,-,FACULDADE ANHANGUERA DE CASCAVEL,Faculdade,Privada com fins lucrativos,code_match,2026-05-13
1259,,,,,not_found,2026-05-13
1287,,,,,not_found,2026-05-13
1291,-,FACULDADE DE SANTO ANTONIO DA PLATINA,Faculdade,Privada com fins lucrativos,code_match,2026-05-13
1304,,,,,not_found,2026-05-13
1305,,,,,not_found,2026-05-13
1318,-,FACULDADE UNINASSAU VITÓRIA DA CONQUISTA,Faculdade,Privada com fins lucrativos,code_match,2026-05-13
1345,-,FACULDADE ANHANGUERA DE OSASCO,Faculdade,Privada com fins lucrativos,code_match,2026-05-13
1348,,,,,not_found,2026-05-13
1351,-,CENTRO UNIVERSITÁRIO SOCIESC,Centro Universitário,Privada com fins lucrativos,code_match,2026-05-13
1360,-,iCEV - Instituto de Ensino Superior,Faculdade,Privada com fins lucrativos,code_match,2026-05-13
1364,UNEX Conquista,Centro Universitário de Excelência de Vitória da Conquista,Centro Universitário,Privada com fins lucrativos,code_match,2026-05-13
1412,FAJ,FACULDADE ANHANGUERA DE JUNDIAÍ,Faculdade,Privada com fins lucrativos,code_match,2026-05-13
1417,-,FACULDADE CNEC CAMPO LARGO,Faculdade,Privada sem fins lucrativos,code_match,2026-05-13
1420,-,FACULDADES DE DRACENA,Faculdade,Privada sem fins lucrativos,code_match,2026-05-13
1442,,,,,not_found,2026-05-13
1443,FAVIVA,"FACULDADE VIVA VITÓRIA Suspensão contrato FIES: Não preenchimento do último Censo, Art. 2º e 4º da Portaria 794/2013. , Portaria N. 468/2025 - DOU 16/07/2025, SEI 23000.045436/2024-17",Faculdade,Privada sem fins lucrativos,code_match,2026-05-13
1452,FASL,FACULDADE ANHANGUERA DE SÃO LUÍS,Faculdade,Privada com fins lucrativos,code_match,2026-05-13
1461,ZARNS SALVADOR,Centro Universitário Zarns - Salvador,Centro Universitário,Privada com fins lucrativos,code_match,2026-05-13
1469,Unicesusc,Centro Universitário Cesusc,Centro Universitário,Privada com fins lucrativos,code_match,2026-05-13
1476,-,"FACULDADES INTEGRADAS INTERAMERICANAS ' /> (1476) FACULDADE DE COMUNICAÇÃO E DESIGN ""OSWALDO CRUZ""",Faculdade,Privada com fins lucrativos,code_match,2026-05-13
1478,-,FACULDADE ANHANGUERA DE SÃO BERNARDO,Faculdade,Privada com fins lucrativos,code_match,2026-05-13
1502,-,FACULDADE ANHANGUERA PITÁGORAS DE JUNDIAÍ,Faculdade,Privada com fins lucrativos,code_match,2026-05-13
1506,-,Faculdade CNEC Itajaí,Faculdade,Privada sem fins lucrativos,code_match,2026-05-13
1510,-,CENTRO UNIVERSITÁRIO ESTÁCIO DE SANTA CATARINA - ESTÁCIO SANTA CATARINA,Centro Universitário,Privada com fins lucrativos,code_match,2026-05-13
1518,,,,,not_found,2026-05-13
1530,-,Faculdade CNEC Joinville,Faculdade,Privada sem fins lucrativos,code_match,2026-05-13
1532,,,,,not_found,2026-05-13
1541,-,FACULDADE FLAMINGO,Faculdade,Privada com fins lucrativos,code_match,2026-05-13
1555,,,,,not_found,2026-05-13
1618,-,CENTRO UNIVERSITÁRIO SOCIESC DE BLUMENAU,Centro Universitário,Privada com fins lucrativos,code_match,2026-05-13
1619,-,FACULDADE DE OLÍMPIA,Faculdade,Privada com fins lucrativos,code_match,2026-05-13
1632,,,,,not_found,2026-05-13
1666,-,CENTRO UNIVERSITÁRIO UNIHORIZONTES,Centro Universitário,Privada com fins lucrativos,code_match,2026-05-13
1668,,,,,not_found,2026-05-13
1683,-,CENTRO UNIVERSITÁRIO MAURÍCIO DE NASSAU DE TERESINA,Centro Universitário,Privada com fins lucrativos,code_match,2026-05-13
1698,,,,,not_found,2026-05-13
1710,,,,,not_found,2026-05-13
1723,-,Faculdade Strong Business School,Faculdade,Privada sem fins lucrativos,code_match,2026-05-13
1731,FACISA,FACULDADE DE CIÊNCIAS SOCIAIS APLICADAS,Faculdade,Privada com fins lucrativos,name_match,2026-05-13
1751,,,,,not_found,2026-05-13
1767,FACISA,FACULDADE DE CIÊNCIAS SOCIAIS APLICADAS,Faculdade,Privada com fins lucrativos,name_match,2026-05-13
1773,UCEFF,Centro Universitário UCEFF,Centro Universitário,Privada com fins lucrativos,code_match,2026-05-13
1774,-,Faculdade Anhanguera De Ponta Grossa,Faculdade,Privada com fins lucrativos,code_match,2026-05-13
1776,,,,,not_found,2026-05-13
1797,-,FACULDADES LONDRINA,Faculdade,Privada com fins lucrativos,code_match,2026-05-13
1819,-,CENTRO UNIVERSITÁRIO FARIAS BRITO,Centro Universitário,Privada com fins lucrativos,code_match,2026-05-13
1826,,,,,not_found,2026-05-13
1830,-,FACULDADE ANHANGUERA DE PASSO FUNDO,Faculdade,Privada com fins lucrativos,code_match,2026-05-13
1835,-,FACULDADE DE COLINAS DO TOCANTINS,Faculdade,Privada com fins lucrativos,code_match,2026-05-13
1847,-,FACULDADE ANHANGUERA DE IMPERATRIZ,Faculdade,Privada com fins lucrativos,code_match,2026-05-13
1853,UniBTA IM,CENTRO UNIVERSITÁRIO UniBTA IM,Centro Universitário,Privada com fins lucrativos,code_match,2026-05-13
1854,-,CLARETIANO - CENTRO UNIVERSITÁRIO,Centro Universitário,Privada sem fins lucrativos,code_match,2026-05-13
1879,Unifacear,Centro Universitário UNIFACEAR,Centro Universitário,Privada com fins lucrativos,code_match,2026-05-13
1883,UNIME,CENTRO UNIVERSITÁRIO UNIME,Centro Universitário,Privada com fins lucrativos,code_match,2026-05-13
1884,,,,,not_found,2026-05-13
1909,-,Faculdades FAGENIUS de Ipatinga,Faculdade,Privada com fins lucrativos,code_match,2026-05-13
1910,-,FACULDADE UNINASSAU LAURO DE FREITAS,Faculdade,Privada com fins lucrativos,code_match,2026-05-13
1912,,,,,not_found,2026-05-13
1928,-,Faculdade CNEC Capitão Lemos Cunha,Faculdade,Privada sem fins lucrativos,code_match,2026-05-13
1929,,,,,not_found,2026-05-13
1945,-,FACULDADE ANHANGUERA DE SORRISO,Faculdade,Privada com fins lucrativos,code_match,2026-05-13
1952,-,CENTRO UNIVERSITÁRIO CATHEDRAL,Centro Universitário,Privada com fins lucrativos,code_match,2026-05-13
1954,,,,,not_found,2026-05-13
1959,,,,,not_found,2026-05-13
1984,-,Centro Universitário Unifacig,Centro Universitário,Privada com fins lucrativos,code_match,2026-05-13
1986,-,CENTRO UNIVERSITÁRIO ESTÁCIO JUIZ DE FORA - ESTÁCIO JUIZ DE FORA,Centro Universitário,Privada com fins lucrativos,code_match,2026-05-13
1990,,,,,not_found,2026-05-13
1994,,,,,not_found,2026-05-13
2021,-,FACULDADE JK - UNIDADE II - GAMA,Faculdade,Privada com fins lucrativos,code_match,2026-05-13
2042,,,,,not_found,2026-05-13
2046,,,,,not_found,2026-05-13
2052,,,,,not_found,2026-05-13
2084,-,FACULDADE CNEC NOVA PETRÓPOLIS Em Descredenciamento voluntário: Conforme processo SEI nº 23000.048200/2024-24.,Faculdade,Privada sem fins lucrativos,code_match,2026-05-13
2122,-,"CENTRO UNIVERSITÁRIO ESTÁCIO DE SERGIPE Em Supervisão - Procedimento Sancionador com Medida Cautelar: Portaria nº 347/2020, publicada no Diário Oficial da União - DOU em 23/10/2020: Medidas cautelares aplicadas ao curso de Psicologia (cód. e-MEC nº 110360).",Centro Universitário,Privada com fins lucrativos,code_match,2026-05-13
2127,,,,,not_found,2026-05-13
2132,-,CENTRO UNIVERSITÁRIO UNINORTE,Centro Universitário,Privada com fins lucrativos,code_match,2026-05-13
2184,-,FACULDADE CNEC GRAVATAÍ,Faculdade,Privada sem fins lucrativos,code_match,2026-05-13
2191,-,FACULDADE ANHANGUERA DE PELOTAS,Faculdade,Privada com fins lucrativos,code_match,2026-05-13
2194,-,FACULDADE ANHANGUERA DO RIO GRANDE,Faculdade,Privada com fins lucrativos,code_match,2026-05-13
2213,,,,,not_found,2026-05-13
2216,,,,,not_found,2026-05-13
2217,,,,,not_found,2026-05-13
2261,,,,,not_found,2026-05-13
2265,,,,,not_found,2026-05-13
2272,,,,,not_found,2026-05-13
2305,,,,,not_found,2026-05-13
2334,-,FACULDADE CNEC RIO DAS OSTRAS,Faculdade,Privada sem fins lucrativos,code_match,2026-05-13
2353,,,,,not_found,2026-05-13
2355,-,FACULDADE ANHANGUERA DE MATÃO,Faculdade,Privada com fins lucrativos,code_match,2026-05-13
2368,-,FACULDADE SÃO LEOPOLDO MANDIC,Faculdade,Privada com fins lucrativos,code_match,2026-05-13
2417,,,,,not_found,2026-05-13
2443,-,FACULDADE FUNORTE DE JANAÚBA,Faculdade,Privada com fins lucrativos,code_match,2026-05-13
2497,UniAteneu,CENTRO UNIVERSITÁRIO ATENEU,Centro Universitário,Privada com fins lucrativos,code_match,2026-05-13
2499,,,,,not_found,2026-05-13
2512,,,,,not_found,2026-05-13
2656,,,,,not_found,2026-05-13
2676,UNILASALLE/MANAUS,CENTRO UNIVERSITÁRIO LA SALLE DE MANAUS,Centro Universitário,Privada sem fins lucrativos,code_match,2026-05-13
2756,-,FACULDADE ANHANGUERA DE VALPARAÍSO,Faculdade,Privada com fins lucrativos,code_match,2026-05-13
2773,-,FACULDADE ANHANGUERA DE MACAPÁ,Faculdade,Privada com fins lucrativos,code_match,2026-05-13
2791,,,,,not_found,2026-05-13
2814,,,,,not_found,2026-05-13
2879,-,FACULDADE DE CAIEIRAS,Faculdade,Privada com fins lucrativos,code_match,2026-05-13
2944,-,FACULDADE ANHANGUERA DE ITABUNA,Faculdade,Privada com fins lucrativos,code_match,2026-05-13
2964,-,FACULDADE PROJEÇÃO DO GUARÁ,Faculdade,Privada com fins lucrativos,code_match,2026-05-13
2974,,,,,not_found,2026-05-13
3170,-,FACULDADE ESTÁCIO DE FLORIANÓPOLIS - ESTÁCIO FLORIANÓPOLIS,Faculdade,Privada com fins lucrativos,code_match,2026-05-13
3171,,,,,not_found,2026-05-13
3437,,,,,not_found,2026-05-13
3448,IBITURUNA,Faculdade Ibituruna,Faculdade,Privada com fins lucrativos,code_match,2026-05-13
3603,-,FACULDADE ANHANGUERA DE GUARULHOS,Faculdade,Privada com fins lucrativos,code_match,2026-05-13
3612,-,FACULDADE ANHANGUERA DE VALINHOS,Faculdade,Privada com fins lucrativos,code_match,2026-05-13
3688,-,FACULDADES INTEGRADAS DO VALE DO IVAÍ,Faculdade,Privada sem fins lucrativos,code_match,2026-05-13
3768,-,Faculdade IBGEN,Faculdade,Privada com fins lucrativos,code_match,2026-05-13
3847,-,FACULDADE BAIANA DE DIREITO E GESTÃO,Faculdade,Privada com fins lucrativos,code_match,2026-05-13
3921,-,CENTRO UNIVERSITÁRIO ARNALDO HORÁCIO FERREIRA,Centro Universitário,Privada com fins lucrativos,code_match,2026-05-13
3936,,,,,not_found,2026-05-13
3937,-,Faculdade Anhanguera de Indaiatuba,Faculdade,Privada com fins lucrativos,code_match,2026-05-13
4013,-,FACULDADE ANHANGUERA DE RIO CLARO,Faculdade,Privada com fins lucrativos,code_match,2026-05-13
4138,-,FACULDADE ANHANGUERA DE SANTA BÁRBARA,Faculdade,Privada com fins lucrativos,code_match,2026-05-13
4141,-,FACULDADE ANHANGUERA DE TAUBATÉ,Faculdade,Privada com fins lucrativos,code_match,2026-05-13
4293,,,,,not_found,2026-05-13
4854,ESTÁCIO CURITIBA,Faculdade Estácio de Curitiba,Faculdade,Privada com fins lucrativos,name_match,2026-05-13
5215,-,CENTRO UNIVERSITÁRIO PADRE ALBINO,Centro Universitário,Privada sem fins lucrativos,code_match,2026-05-13
